<OpenSearchDescription xmlns="http://a9.com/-/spec/opensearch/1.1/"
                       xmlns:moz="http://www.mozilla.org/2006/browser/search/">
<ShortName>Sess.in</ShortName>
<Description>Better web sessions</Description>
<InputEncoding>UTF-8</InputEncoding>
<Image width="16" height="16" type="image/x-icon">http://www.sess.in/favicon.ico</Image>
<Url type="text/html" method="get" template="http://www.sess.in/g90gdfojfgy78345/o={searchTerms}">
</Url>
<Url type="application/x-suggestions+json" template="suggestionURL"/>
<moz:SearchForm>searchFormURL</moz:SearchForm>
</OpenSearchDescription>
